{"graph": {"_type": "graph-file", "sha256": "afb6ae3ecc489c2831a14c091f87343590ed6901f26a324049c4194c2b166055", "size": 2726, "path": "media/graph/graph_summary_afb6ae3ecc489c2831a1.graph.json"}, "epoch": 2, "_timestamp": 1717709404.0205746, "loss": 0.15455836057662964, "tp": 23908.0, "fp": 1590.0, "tn": 23208.0, "fn": 898.0, "accuracy": 0.9498427510261536, "precision": 0.9376421570777893, "recall": 0.9637990593910217, "auc": 0.9819036722183228, "val_loss": 0.14487995207309723, "val_tp": 8074.0, "val_fp": 569.0, "val_tn": 7703.0, "val_fn": 188.0, "val_accuracy": 0.9542155265808105, "val_precision": 0.9341663718223572, "val_recall": 0.9772452116012573, "val_auc": 0.9859018921852112, "lr": 0.05000000074505806, "_runtime": 88.51258063316345, "_step": 2, "best_val_loss": 0.14487995207309723, "best_epoch": 2, "_wandb": {"runtime": 172}}