{"graph": {"_type": "graph-file", "sha256": "afb6ae3ecc489c2831a14c091f87343590ed6901f26a324049c4194c2b166055", "size": 2726, "path": "media/graph/graph_summary_afb6ae3ecc489c2831a1.graph.json"}, "epoch": 2, "_timestamp": 1717712148.593548, "loss": 0.15714505314826965, "tp": 23884.0, "fp": 1642.0, "tn": 23159.0, "fn": 919.0, "accuracy": 0.9483711123466492, "precision": 0.9356734156608582, "recall": 0.9629480242729187, "auc": 0.981061577796936, "val_loss": 0.15312784910202026, "val_tp": 7987.0, "val_fp": 440.0, "val_tn": 7834.0, "val_fn": 273.0, "val_accuracy": 0.9568767547607422, "val_precision": 0.9477868676185608, "val_recall": 0.9669491648674011, "val_auc": 0.9872977137565613, "lr": 0.05000000074505806, "_runtime": 96.8996901512146, "_step": 2, "best_val_loss": 0.15312784910202026, "best_epoch": 2}