{"graph": {"_type": "graph-file", "sha256": "afb6ae3ecc489c2831a14c091f87343590ed6901f26a324049c4194c2b166055", "size": 2726, "path": "media/graph/graph_summary_afb6ae3ecc489c2831a1.graph.json"}, "epoch": 2, "_timestamp": 1717708694.5752006, "loss": 0.1507318764925003, "tp": 23880.0, "fp": 1479.0, "tn": 23319.0, "fn": 926.0, "accuracy": 0.9515160322189331, "precision": 0.9416775107383728, "recall": 0.9626703262329102, "auc": 0.9820345640182495, "val_loss": 0.18499864637851715, "val_tp": 7595.0, "val_fp": 269.0, "val_tn": 8009.0, "val_fn": 661.0, "val_accuracy": 0.9437522888183594, "val_precision": 0.9657934904098511, "val_recall": 0.919937014579773, "val_auc": 0.9881245493888855, "lr": 0.05000000074505806, "_runtime": 90.5889585018158, "_step": 2, "best_val_loss": 0.17648743093013763, "best_epoch": 0, "_wandb": {"runtime": 179}}