{"graph": {"_type": "graph-file", "sha256": "afb6ae3ecc489c2831a14c091f87343590ed6901f26a324049c4194c2b166055", "size": 2726, "path": "media/graph/graph_summary_afb6ae3ecc489c2831a1.graph.json"}, "epoch": 2, "_timestamp": 1717793473.441437, "loss": 0.16696685552597046, "tp": 23792.0, "fp": 1564.0, "tn": 23235.0, "fn": 1013.0, "accuracy": 0.9480485320091248, "precision": 0.9383183717727661, "recall": 0.9591614603996277, "auc": 0.9775465130805969, "val_loss": 0.16020074486732483, "val_tp": 7931.0, "val_fp": 372.0, "val_tn": 7902.0, "val_fn": 329.0, "val_accuracy": 0.9576025009155273, "val_precision": 0.9551969170570374, "val_recall": 0.9601694941520691, "val_auc": 0.9862927794456482, "lr": 0.05000000074505806, "_runtime": 86.91724491119385, "_step": 2, "best_val_loss": 0.16020074486732483, "best_epoch": 2, "_wandb": {"runtime": 168}}