{"graph": {"_type": "graph-file", "sha256": "afb6ae3ecc489c2831a14c091f87343590ed6901f26a324049c4194c2b166055", "size": 2726, "path": "media/graph/graph_summary_afb6ae3ecc489c2831a1.graph.json"}, "epoch": 2, "_timestamp": 1717710205.0846446, "loss": 0.17213736474514008, "tp": 23816.0, "fp": 1715.0, "tn": 23084.0, "fn": 989.0, "accuracy": 0.9454882740974426, "precision": 0.9328267574310303, "recall": 0.9601290225982666, "auc": 0.9762856364250183, "val_loss": 0.1505115032196045, "val_tp": 8091.0, "val_fp": 682.0, "val_tn": 7587.0, "val_fn": 174.0, "val_accuracy": 0.9482278823852539, "val_precision": 0.9222614765167236, "val_recall": 0.9789473414421082, "val_auc": 0.9836063385009766, "lr": 0.05000000074505806, "_runtime": 87.14130449295044, "_step": 2, "best_val_loss": 0.1505115032196045, "best_epoch": 2, "_wandb": {"runtime": 166}}