{"graph": {"_type": "graph-file", "sha256": "afb6ae3ecc489c2831a14c091f87343590ed6901f26a324049c4194c2b166055", "size": 2726, "path": "media/graph/graph_summary_afb6ae3ecc489c2831a1.graph.json"}, "epoch": 2, "_timestamp": 1717712574.0835564, "loss": 0.15866564214229584, "tp": 23840.0, "fp": 1536.0, "tn": 23260.0, "fn": 968.0, "accuracy": 0.9495201706886292, "precision": 0.9394703507423401, "recall": 0.9609803557395935, "auc": 0.9805694818496704, "val_loss": 0.19788792729377747, "val_tp": 8089.0, "val_fp": 684.0, "val_tn": 7591.0, "val_fn": 170.0, "val_accuracy": 0.948348879814148, "val_precision": 0.9220334887504578, "val_recall": 0.9794163703918457, "val_auc": 0.9845013618469238, "lr": 0.05000000074505806, "_runtime": 102.02317643165588, "_step": 2, "best_val_loss": 0.19788792729377747, "best_epoch": 2, "_wandb": {"runtime": 827}}