{"graph": {"_type": "graph-file", "sha256": "afb6ae3ecc489c2831a14c091f87343590ed6901f26a324049c4194c2b166055", "size": 2726, "path": "media/graph/graph_summary_afb6ae3ecc489c2831a1.graph.json"}, "epoch": 2, "_timestamp": 1717793818.7372782, "loss": 0.1983034908771515, "tp": 23746.0, "fp": 2285.0, "tn": 22517.0, "fn": 1056.0, "accuracy": 0.9326465725898743, "precision": 0.9122200608253479, "recall": 0.9574227929115295, "auc": 0.9713358283042908, "val_loss": 0.20107996463775635, "val_tp": 7841.0, "val_fp": 528.0, "val_tn": 7741.0, "val_fn": 424.0, "val_accuracy": 0.9424216747283936, "val_precision": 0.9369100332260132, "val_recall": 0.9486993551254272, "val_auc": 0.9793957471847534, "lr": 0.05000000074505806, "_runtime": 87.60533833503723, "_step": 2, "best_val_loss": 0.20107996463775635, "best_epoch": 2, "_wandb": {"runtime": 88}}